1;filip;asanders29@hotmail.co.uk;24.10.21;19:29
2;filip;asanders29@hotmail.co.uk;25.10.21;09:51
3;filip;asanders29@hotmail.co.uk;25.10.21;09:52
4;filip;asanders29@hotmail.co.uk;26.10.21;08:24
5;darko;carsonnorrbom@icloud.com;27.10.21;08:56
6;darko;carsonnorrbom@icloud.com;27.10.21;09:00
7;filip;asanders29@hotmail.co.uk;27.10.21;09:24
8;filip;asanders29@hotmail.co.uk;27.10.21;10:06
9;filip;asanders29@hotmail.co.uk;27.10.21;10:08
10;filip;asanders29@hotmail.co.uk;27.10.21;10:13
11;filip;asanders29@hotmail.co.uk;27.10.21;10:23
12;filip;asanders29@hotmail.co.uk;27.10.21;10:23
13;filip;asanders29@hotmail.co.uk;27.10.21;10:24
14;filip;asanders29@hotmail.co.uk;27.10.21;10:25
15;filip;asanders29@hotmail.co.uk;27.10.21;10:25
16;filip;asanders29@hotmail.co.uk;27.10.21;10:26
17;filip;asanders29@hotmail.co.uk;27.10.21;10:26
18;filip;asanders29@hotmail.co.uk;27.10.21;10:27
19;filip;asanders29@hotmail.co.uk;27.10.21;10:27
20;filip;asanders29@hotmail.co.uk;27.10.21;10:27
21;filip;asanders29@hotmail.co.uk;27.10.21;10:28
22;filip;asanders29@hotmail.co.uk;27.10.21;10:29
23;filip;asanders29@hotmail.co.uk;27.10.21;10:29
24;filip;asanders29@hotmail.co.uk;27.10.21;10:31
25;filip;asanders29@hotmail.co.uk;27.10.21;10:31
26;filip;asanders29@hotmail.co.uk;27.10.21;10:31
27;filip;asanders29@hotmail.co.uk;27.10.21;10:32
28;filip;asanders29@hotmail.co.uk;27.10.21;10:35
29;filip;asanders29@hotmail.co.uk;27.10.21;10:35
30;filip;asanders29@hotmail.co.uk;27.10.21;10:36
31;filip;asanders29@hotmail.co.uk;27.10.21;10:36
32;filip;asanders29@hotmail.co.uk;27.10.21;10:38
33;filip;asanders29@hotmail.co.uk;27.10.21;10:43
34;filip;asanders29@hotmail.co.uk;27.10.21;10:43
35;filip;asanders29@hotmail.co.uk;27.10.21;10:44
36;filip;asanders29@hotmail.co.uk;27.10.21;10:44
37;filip;asanders29@hotmail.co.uk;27.10.21;10:45
38;filip;asanders29@hotmail.co.uk;27.10.21;10:45
39;filip;asanders29@hotmail.co.uk;27.10.21;10:46
40;filip;asanders29@hotmail.co.uk;27.10.21;10:46
41;filip;asanders29@hotmail.co.uk;27.10.21;10:46
42;filip;asanders29@hotmail.co.uk;27.10.21;10:47
43;filip;asanders29@hotmail.co.uk;27.10.21;10:48
44;filip;asanders29@hotmail.co.uk;27.10.21;10:48
45;filip;asanders29@hotmail.co.uk;27.10.21;11:03
46;filip;asanders29@hotmail.co.uk;27.10.21;11:06
47;filip;asanders29@hotmail.co.uk;27.10.21;11:07
48;filip;asanders29@hotmail.co.uk;27.10.21;11:07
49;filip;asanders29@hotmail.co.uk;27.10.21;11:07
50;filip;asanders29@hotmail.co.uk;27.10.21;11:08
51;filip;asanders29@hotmail.co.uk;27.10.21;11:08
52;filip;asanders29@hotmail.co.uk;27.10.21;11:08
53;filip;asanders29@hotmail.co.uk;27.10.21;11:08
54;filip;asanders29@hotmail.co.uk;27.10.21;11:09
55;filip;asanders29@hotmail.co.uk;27.10.21;11:09
56;filip;asanders29@hotmail.co.uk;27.10.21;11:09
57;filip;asanders29@hotmail.co.uk;27.10.21;11:09
58;filip;asanders29@hotmail.co.uk;27.10.21;11:09
59;filip;asanders29@hotmail.co.uk;27.10.21;11:10
60;filip;asanders29@hotmail.co.uk;27.10.21;11:10
61;filip;asanders29@hotmail.co.uk;27.10.21;11:10
62;filip;asanders29@hotmail.co.uk;27.10.21;11:10
63;filip;asanders29@hotmail.co.uk;27.10.21;11:10
64;filip;asanders29@hotmail.co.uk;27.10.21;11:11
65;filip;asanders29@hotmail.co.uk;27.10.21;11:13
66;filip;asanders29@hotmail.co.uk;27.10.21;11:13
67;filip;asanders29@hotmail.co.uk;27.10.21;11:14
68;filip;asanders29@hotmail.co.uk;27.10.21;11:14
69;filip;asanders29@hotmail.co.uk;27.10.21;11:14
70;filip;asanders29@hotmail.co.uk;27.10.21;11:15
71;filip;asanders29@hotmail.co.uk;27.10.21;11:15
72;filip;asanders29@hotmail.co.uk;27.10.21;11:18
73;filip;asanders29@hotmail.co.uk;27.10.21;11:18
74;filip;asanders29@hotmail.co.uk;27.10.21;11:18
75;filip;asanders29@hotmail.co.uk;03.11.21;10:18
76;filip;asanders29@hotmail.co.uk;03.11.21;10:32
77;filip;asanders29@hotmail.co.uk;03.11.21;10:33
78;filip;asanders29@hotmail.co.uk;03.11.21;10:33
79;filip;asanders29@hotmail.co.uk;03.11.21;10:40
80;filip;asanders29@hotmail.co.uk;03.11.21;10:40
81;filip;carsonnorrbom@icloud.com;24.11.21;09:13
82;filip;asanders29@hotmail.co.uk;24.11.21;09:14
83;filip;asanders29@hotmail.co.uk;24.11.21;09:17
84;filip;asanders29@hotmail.co.uk;24.11.21;09:20
85;filip;asanders29@hotmail.co.uk;24.11.21;09:25
86;filip;asanders29@hotmail.co.uk;24.11.21;09:27
87;darko;asanders29@hotmail.co.uk;24.11.21;10:00
88;darko;asanders29@hotmail.co.uk;24.11.21;10:01
89;darko;asanders29@hotmail.co.uk;24.11.21;10:01
90;darko;asanders29@hotmail.co.uk;24.11.21;10:02
91;darko;asanders29@hotmail.co.uk;24.11.21;10:02
92;darko;asanders29@hotmail.co.uk;24.11.21;10:03
93;darko;asanders29@hotmail.co.uk;24.11.21;10:04
94;darko;asanders29@hotmail.co.uk;24.11.21;10:04
95;darko;asanders29@hotmail.co.uk;24.11.21;10:04
96;darko;asanders29@hotmail.co.uk;24.11.21;10:06
97;darko;asanders29@hotmail.co.uk;24.11.21;10:06
98;darko;asanders29@hotmail.co.uk;24.11.21;10:06
99;darko;asanders29@hotmail.co.uk;24.11.21;10:06
100;darko;asanders29@hotmail.co.uk;24.11.21;10:06
101;darko;asanders29@hotmail.co.uk;24.11.21;10:06
102;darko;asanders29@hotmail.co.uk;24.11.21;10:07
103;darko;asanders29@hotmail.co.uk;24.11.21;10:07
104;darko;asanders29@hotmail.co.uk;24.11.21;10:08
105;darko;asanders29@hotmail.co.uk;24.11.21;10:08
106;darko;asanders29@hotmail.co.uk;24.11.21;10:08
107;darko;asanders29@hotmail.co.uk;24.11.21;10:08
108;darko;asanders29@hotmail.co.uk;24.11.21;10:08
109;darko;asanders29@hotmail.co.uk;24.11.21;10:08
110;darko;asanders29@hotmail.co.uk;24.11.21;10:09
111;darko;asanders29@hotmail.co.uk;24.11.21;10:09
112;darko;asanders29@hotmail.co.uk;24.11.21;10:09
113;darko;asanders29@hotmail.co.uk;24.11.21;10:09
114;darko;asanders29@hotmail.co.uk;24.11.21;10:10
115;darko;asanders29@hotmail.co.uk;24.11.21;10:10
116;darko;asanders29@hotmail.co.uk;24.11.21;10:10
117;darko;asanders29@hotmail.co.uk;24.11.21;10:10
118;darko;asanders29@hotmail.co.uk;24.11.21;10:10
119;darko;asanders29@hotmail.co.uk;24.11.21;10:10
120;darko;asanders29@hotmail.co.uk;24.11.21;10:11
121;filip;asanders29@hotmail.co.uk;24.11.21;10:13
122;darko;darko@darkic.com;24.11.21;10:16
123;dakro;asanders29@hotmail.co.uk;24.11.21;10:23
124;darko;darko@darkic.com;24.11.21;10:36
125;darko;darko@darkic.com;24.11.21;10:44
126;filip;asanders29@hotmail.co.uk;24.11.21;10:58
127;filip;asanders29@hotmail.co.uk;24.11.21;10:58
128;filip;asanders29@hotmail.co.uk;24.11.21;11:05
129;filip;asanders29@hotmail.co.uk;24.11.21;11:05
130;filip;asanders29@hotmail.co.uk;24.11.21;11:05
131;filip;asanders29@hotmail.co.uk;24.11.21;11:13
132;filip;asanders29@hotmail.co.uk;24.11.21;11:13
133;filip;asanders29@hotmail.co.uk;27.11.21;13:41
134;darko;asanders29@hotmail.co.uk;27.11.21;13:43
135;filip;asanders29@hotmail.co.uk;27.11.21;13:47
136;darko;asanders29@hotmail.co.uk;27.11.21;13:49
137;darko;asanders29@hotmail.co.uk;27.11.21;13:49
138;darko;asanders29@hotmail.co.uk;27.11.21;13:50
139;filip;asanders29@hotmail.co.uk;27.11.21;13:51
140;filip;asanders29@hotmail.co.uk;27.11.21;13:52
141;filip;asanders29@hotmail.co.uk;27.11.21;13:52
142;darko;darko@darkic.com;27.11.21;13:53
143;darko;darko@darkic.com;27.11.21;13:57
144;filip;asanders29@hotmail.co.uk;27.11.21;13:57
145;filip;asanders29@hotmail.co.uk;27.11.21;13:58
146;filip;asanders29@hotmail.co.uk;27.11.21;14:08
147;filip;asanders29@hotmail.co.uk;27.11.21;14:18
148;filip;asanders29@hotmail.co.uk;27.11.21;14:23
149;filip;asanders29@hotmail.co.uk;27.11.21;14:24
150;jebacina;darko@darkic.com;27.11.21;14:25
151;jebacina;darko@darkic.com;27.11.21;14:28
152;darko;darko@darkic.com;27.11.21;14:28
153;darko;darko@darkic.com;28.11.21;16:35
154;darko;darko@darkic.com;28.11.21;16:42
155;filip;asanders29@hotmail.co.uk;28.11.21;17:01
156;filip;asanders29@hotmail.co.uk;28.11.21;17:04
157;darko;darko@darkic.com;28.11.21;17:05
158;Tanja;darko@darkic.com;28.11.21;17:09
159;KARANJE;darko@darkic.com;28.11.21;17:19
160;KARANJE;darko@darkic.com;28.11.21;17:23
161;KARANJE;darko@darkic.com;28.11.21;17:24
162;darkic;darko@darkic.com;28.11.21;20:03
163;darkic;darko@darkic.com;28.11.21;20:04
164;Ficko;faker@at.com;28.11.21;20:06
165;murtina;murta@murtic.com;28.11.21;20:08
166;macka;murta@murtic.com;28.11.21;20:11
